week,new_signups,avg_hours_per_user,share_drama,share_comedy,share_action,share_documentary
2019-01-07,1124,8.5,0.3162,0.2828,0.2512,0.1498
2019-01-14,1270,8.68,0.312,0.2844,0.2448,0.1589
2019-01-21,1212,8.55,0.3168,0.2852,0.2555,0.1425
2019-01-28,1062,8.4,0.3247,0.2838,0.2396,0.1519
2019-02-04,1312,8.62,0.3284,0.2634,0.2562,0.152
2019-02-11,1330,8.49,0.3244,0.2746,0.2507,0.1503
2019-02-18,1194,8.92,0.3217,0.276,0.244,0.1584
2019-02-25,1175,9.42,0.3186,0.2796,0.2377,0.1641
2019-03-04,1186,8.82,0.3209,0.2813,0.25,0.1477
2019-03-11,1112,8.81,0.3222,0.2784,0.2487,0.1507
2019-03-18,1299,9.23,0.3283,0.2812,0.2467,0.1437
2019-03-25,1151,9.21,0.3111,0.2893,0.251,0.1487
2019-04-01,1195,9.13,0.3189,0.2725,0.2508,0.1578
2019-04-08,1129,8.77,0.3187,0.2798,0.2497,0.1518
2019-04-15,1144,9.09,0.3117,0.2822,0.2467,0.1594
2019-04-22,1085,9.33,0.3113,0.2823,0.2601,0.1463
2019-04-29,1313,8.59,0.3188,0.2847,0.2528,0.1437
2019-05-06,1186,8.87,0.3186,0.2914,0.244,0.146
2019-05-13,1287,8.33,0.3195,0.2897,0.2461,0.1447
2019-05-20,1201,8.5,0.3225,0.2664,0.2526,0.1584
2019-05-27,1138,8.25,0.3156,0.2787,0.2603,0.1454
2019-06-03,1171,8.76,0.3163,0.2701,0.2512,0.1624
2019-06-10,1150,8.34,0.3312,0.2754,0.2458,0.1476
2019-06-17,1201,8.81,0.3208,0.277,0.2505,0.1516
2019-06-24,1166,8.7,0.3182,0.2802,0.2521,0.1496
2019-07-01,1173,8.51,0.3164,0.288,0.2487,0.1469
2019-07-08,1076,7.62,0.3184,0.2941,0.2435,0.1441
2019-07-15,1127,8.24,0.3276,0.2863,0.2494,0.1366
2019-07-22,1349,8.34,0.3124,0.2706,0.2514,0.1656
2019-07-29,1140,8.33,0.3264,0.2777,0.2441,0.1517
2019-08-05,1105,7.69,0.3247,0.276,0.2558,0.1435
2019-08-12,1230,7.99,0.3217,0.2822,0.253,0.143
2019-08-19,1327,7.76,0.325,0.2797,0.2476,0.1477
2019-08-26,1069,7.77,0.315,0.2731,0.2608,0.1511
2019-09-02,1181,8.38,0.3251,0.291,0.2386,0.1452
2019-09-09,1143,7.69,0.3183,0.2804,0.2446,0.1567
2019-09-16,1042,7.93,0.3246,0.2728,0.2448,0.1579
2019-09-23,1266,8.23,0.3224,0.2637,0.2597,0.1542
2019-09-30,1198,7.7,0.332,0.278,0.2486,0.1415
2019-10-07,1206,7.86,0.3315,0.2714,0.2559,0.1411
2019-10-14,1132,7.94,0.3237,0.2686,0.2487,0.159
2019-10-21,1241,7.94,0.3122,0.2906,0.2545,0.1427
2019-10-28,1151,7.51,0.3199,0.2798,0.2527,0.1475
2019-11-04,1187,8.0,0.3223,0.2854,0.2486,0.1436
2019-11-11,1100,8.48,0.3214,0.2887,0.2391,0.1509
2019-11-18,1091,7.51,0.3181,0.275,0.2595,0.1474
2019-11-25,1320,8.4,0.3297,0.2719,0.2513,0.1471
2019-12-02,1154,8.2,0.3133,0.2841,0.2482,0.1545
2019-12-09,1226,8.0,0.3227,0.2739,0.2516,0.1519
2019-12-16,1197,8.99,0.3322,0.2765,0.2531,0.1381
2019-12-23,1160,8.62,0.3313,0.2764,0.24,0.1523
2019-12-30,1154,8.01,0.3349,0.2727,0.2457,0.1467
2020-01-06,1257,8.53,0.3167,0.2883,0.2481,0.1469
2020-01-13,1173,8.77,0.3265,0.2755,0.2549,0.143
2020-01-20,1186,8.58,0.3141,0.2686,0.2681,0.1492
2020-01-27,1202,8.95,0.3209,0.2788,0.2504,0.1499
2020-02-03,1306,8.76,0.3399,0.2754,0.2408,0.1439
2020-02-10,1261,9.07,0.3111,0.2877,0.2581,0.1431
2020-02-17,1234,9.4,0.3169,0.2844,0.2679,0.1308
2020-02-24,1149,8.71,0.3257,0.2727,0.2595,0.142
2020-03-02,1076,9.06,0.3213,0.2709,0.2449,0.1629
2020-03-09,1285,8.87,0.3328,0.2821,0.2477,0.1374
2020-03-16,2387,12.31,0.2782,0.3313,0.2103,0.1801
2020-03-23,2088,11.38,0.2756,0.3234,0.2143,0.1867
2020-03-30,1986,11.19,0.3016,0.3156,0.2112,0.1716
2020-04-06,1874,10.97,0.2934,0.3146,0.2265,0.1655
2020-04-13,1769,11.05,0.2992,0.3081,0.2267,0.166
2020-04-20,1688,10.87,0.2987,0.3052,0.2312,0.1649
2020-04-27,1490,9.77,0.3056,0.3062,0.2221,0.1661
2020-05-04,1608,9.75,0.3031,0.3065,0.2393,0.1511
2020-05-11,1310,10.06,0.3069,0.3004,0.2347,0.1581
2020-05-18,1459,8.97,0.3094,0.2935,0.239,0.1581
2020-05-25,1393,9.34,0.3111,0.2864,0.2418,0.1607
2020-06-01,1401,9.32,0.313,0.2931,0.2477,0.1462
2020-06-08,1469,9.65,0.3113,0.2899,0.2407,0.158
2020-06-15,1415,9.32,0.3065,0.2874,0.2469,0.1592
2020-06-22,1164,8.84,0.3137,0.2757,0.2466,0.164
2020-06-29,1103,8.71,0.3203,0.2881,0.2302,0.1613
2020-07-06,1468,9.33,0.3288,0.2679,0.2609,0.1424
2020-07-13,1295,9.85,0.3122,0.2772,0.2623,0.1483
2020-07-20,1379,9.07,0.3134,0.286,0.2556,0.1451
2020-07-27,1450,9.02,0.3226,0.2738,0.248,0.1556
2020-08-03,1222,9.16,0.3213,0.2793,0.2565,0.143
2020-08-10,1177,8.91,0.3137,0.2806,0.25,0.1557
2020-08-17,1387,8.81,0.3246,0.2788,0.254,0.1426
2020-08-24,1365,8.43,0.3089,0.2865,0.2512,0.1535
2020-08-31,1337,8.76,0.3153,0.2851,0.2523,0.1472
2020-09-07,1361,8.56,0.3052,0.2803,0.2599,0.1547
2020-09-14,1279,9.09,0.3219,0.2859,0.2615,0.1307
2020-09-21,1219,8.88,0.312,0.2781,0.2499,0.16
2020-09-28,1339,8.63,0.3225,0.2769,0.2474,0.1532
2020-10-05,1266,8.86,0.31,0.2747,0.2526,0.1627
2020-10-12,1205,8.51,0.3154,0.2767,0.2489,0.159
2020-10-19,1398,9.0,0.319,0.2911,0.2417,0.1482
2020-10-26,1346,8.65,0.3181,0.286,0.2581,0.1378
2020-11-02,1388,8.89,0.3197,0.2891,0.2503,0.1409
2020-11-09,1262,8.27,0.3243,0.2805,0.2508,0.1444
2020-11-16,1292,8.88,0.3257,0.2759,0.2568,0.1416
2020-11-23,1261,8.22,0.3149,0.2832,0.2457,0.1562
2020-11-30,1271,8.15,0.3245,0.2747,0.2525,0.1483
2020-12-07,1368,8.82,0.3246,0.2726,0.2444,0.1584
2020-12-14,1280,8.68,0.3261,0.2857,0.2418,0.1465
2020-12-21,1382,9.12,0.3308,0.2778,0.2411,0.1503
2020-12-28,1381,9.92,0.3328,0.2812,0.2436,0.1424
2021-01-04,1533,8.91,0.3254,0.274,0.2489,0.1517
2021-01-11,1225,9.06,0.3252,0.2776,0.2542,0.143
2021-01-18,1430,9.42,0.3178,0.2724,0.2596,0.1501
2021-01-25,1342,9.59,0.3156,0.2785,0.2494,0.1564
2021-02-01,1349,9.42,0.3084,0.2727,0.2479,0.1709
2021-02-08,1220,9.47,0.3184,0.2713,0.2485,0.1618
2021-02-15,1309,9.84,0.3153,0.2746,0.2574,0.1526
2021-02-22,1417,9.83,0.3158,0.2678,0.2576,0.1589
2021-03-01,1343,9.33,0.3249,0.2858,0.234,0.1553
2021-03-08,1357,9.7,0.317,0.2822,0.2543,0.1466
2021-03-15,1324,9.77,0.3125,0.2885,0.2488,0.1502
2021-03-22,1454,9.41,0.3204,0.2819,0.2354,0.1624
2021-03-29,1348,9.89,0.3136,0.2813,0.2589,0.1462
2021-04-05,1152,9.5,0.3167,0.2828,0.2491,0.1513
2021-04-12,1288,10.14,0.3288,0.2707,0.2591,0.1414
2021-04-19,1173,9.85,0.3229,0.2796,0.2479,0.1497
2021-04-26,1057,9.79,0.3231,0.2816,0.2421,0.1533
2021-05-03,1302,9.52,0.3198,0.2826,0.2489,0.1487
2021-05-10,1470,9.65,0.313,0.2901,0.2483,0.1487
2021-05-17,1354,8.95,0.3195,0.2824,0.2479,0.1502
2021-05-24,1244,9.2,0.3095,0.2754,0.2666,0.1485
2021-05-31,1265,9.67,0.3184,0.2845,0.2559,0.1412
2021-06-07,1452,8.73,0.3156,0.2848,0.25,0.1497
2021-06-14,1364,9.71,0.3313,0.2736,0.2498,0.1453
2021-06-21,1354,8.73,0.3364,0.2679,0.2479,0.1477
2021-06-28,1345,9.54,0.3225,0.2824,0.2589,0.1362
